1880,Mary,F,7065
1880,Charley,M,305
1881,Mary,F,6919
1881,Francis,M,259
1882,Della,F,447
1882,Elmer,M,441
1882,Marian,M,5
1883,Bettye,F,5
1883,Whit,M,6
1884,Ammie,F,7
1884,Lindsey,M,9
1885,Anastasia,F,15
1885,Loyd,M,24
1886,Lessie,F,63
1886,Theckla,F,5
1886,Boston,M,5
1887,Carra,F,8
1887,Johnson,M,11
1888,Natalie,F,26
1888,Benjamin,M,781
1888,Waverly,M,6
1889,Biddie,F,10
1889,Abram,M,23
1890,Claudia,F,95
1890,Ermine,F,6
1890,Rafael,M,9
1891,Frank,F,22
1891,Raymond,M,575
1891,Hilton,M,5
1892,Thea,F,12
1892,Ivan,M,54
1892,Titus,M,5
1893,Garnett,F,10
1893,Adolphus,M,28
1894,Barbara,F,290
1894,Clarence,F,8
1894,Jean,M,19
1895,Adele,F,166
1895,Beatriz,F,8
1895,Herschel,M,23
1896,Christine,F,274
1896,Genoveva,F,9
1896,Troy,M,32
1897,Willie,F,818
1897,Laurena,F,10
1897,Wilson,M,44
1898,Louise,F,1693
1898,Roxanna,F,12
1898,Clifford,M,317
1898,Kelley,M,6
1899,Lonie,F,18
1899,Olympia,F,5
1899,Armstead,M,6
1900,Kathryne,F,25
1900,Arrena,F,6
1900,Ruby,M,22
1901,Ruth,F,3974
1901,Zelia,F,12
1901,Anthony,M,323
1901,Alger,M,5
1902,Etha,F,17
1902,Delila,F,5
1902,Domingo,M,9
1903,Pearle,F,43
1903,Exilda,F,7
1903,Lemuel,M,24
1904,Velma,F,615
1904,Cara,F,11
1904,Orla,F,5
1904,Mathias,M,8
1905,Luvenia,F,41
1905,Agusta,F,7
1905,Major,M,44
1905,Fulton,M,5
1906,Ilene,F,18
1906,Nila,F,6
1906,Levy,M,14
1907,Bertie,F,188
1907,Linnea,F,11
1907,Ludy,F,5
1907,Pink,M,11
1908,Maud,F,138
1908,Irena,F,11
1908,Loris,F,5
1908,Sanders,M,11
1909,Birdie,F,159
1909,Virgia,F,12
1909,Delina,F,5
1909,Jodie,M,15
1910,Bernice,F,1720
1910,Romaine,F,18
1910,Martin,F,7
1910,Pedro,M,83
1910,Linus,M,8
1911,Polly,F,91
1911,Orena,F,12
1911,Sissie,F,6
1911,Shelby,M,30
1911,Budd,M,6
1912,Vivien,F,74
1912,Ever,F,13
1912,Nida,F,7
1912,Oliver,M,645
1912,Ignazio,M,18
1912,Fayette,M,7
1913,Nell,F,491
1913,Maryellen,F,22
1913,Estefana,F,9
1913,Amelie,F,5
1913,Denver,M,74
1913,Beatrice,M,13
1913,Alferd,M,6
1914,Amy,F,472
1914,Ilo,F,25
1914,Sherry,F,11
1914,Blondina,F,6
1914,Michael,M,3363
1914,Linus,M,30
1914,Kellie,M,11
1914,Forney,M,6
1915,Carmela,F,430
1915,Oletha,F,31
1915,Climmie,F,13
1915,Kiyo,F,8
1915,Adrene,F,5
1915,Joel,M,272
1915,Delma,M,26
1915,Alphonsus,M,11
1915,Othal,M,7
1915,Shuford,M,5
1916,Louvenia,F,55
1916,Marcile,F,18
1916,Ilma,F,10
1916,Alexine,F,6
1916,Michaelina,F,5
1916,Early,M,65
1916,Terrence,M,18
1916,Collier,M,9
1916,Moreland,M,6
1917,Ernestine,F,742
1917,Lavona,F,35
1917,Donnabelle,F,15
1917,Lalah,F,9
1917,Edwinna,F,6
1917,Sennie,F,5
1917,Hosea,M,49
1917,Burr,M,16
1917,Scottie,M,9
1917,Standley,M,6
1918,Cornelia,F,424
1918,Isla,F,34
1918,Evelene,F,15
1918,Earnie,F,9
1918,Annita,F,6
1918,Marguret,F,5
1918,Lawson,M,78
1918,Constant,M,20
1918,Colbert,M,10
1918,Yoshiyuki,M,7
1918,Sueo,M,5
1919,Margarete,F,60
1919,Rheta,F,20
1919,Lille,F,11
1919,Cortez,F,7
1919,Blondena,F,5
1919,Christopher,M,264
1919,Zygmunt,M,29
1919,Ormond,M,13
1919,Smiley,M,8
1919,Elvert,M,5
1920,Linnie,F,173
1920,Trudy,F,29
1920,Maxcine,F,14
1920,Piccola,F,9
1920,Elen,F,6
1920,Narvie,F,5
1920,Cloyd,M,73
1920,Estes,M,20
1920,Arvell,M,10
1920,Talbot,M,7
1920,Nuel,M,5
1921,Maxie,F,87
1921,Ellene,F,24
1921,Bonnell,F,12
1921,Evola,F,8
1921,Lareta,F,6
1921,Thlema,F,5
1921,Maxie,M,59
1921,Cleatus,M,18
1921,Maggie,M,10
1921,Blayne,M,6
1921,Tennis,M,5
1922,Vernon,F,64
1922,Lorrain,F,21
1922,Rosalin,F,12
1922,Osceola,F,8
1922,Sadelle,F,6
1922,Guy,M,1117
1922,Arlis,M,39
1922,Weaver,M,16
1922,Lauri,M,9
1922,Marchell,M,6
1923,Caroline,F,1304
1923,Sydney,F,44
1923,Alethea,F,17
1923,Cuca,F,10
1923,Kelsie,F,7
1923,Elnoria,F,5
1923,Buster,M,194
1923,Darl,M,27
1923,Ubaldo,M,13
1923,Theophile,M,8
1923,Eron,M,5
1924,Filomena,F,184
1924,Verma,F,31
1924,Benedetta,F,14
1924,Lavene,F,9
1924,Blythe,F,6
1924,Lonita,F,5
1924,Lucian,M,104
1924,Bertha,M,23
1924,Verna,M,12
1924,Francies,M,7
1924,Helge,M,5
1925,Mina,F,124
1925,Hanna,F,26
1925,Epifania,F,13
1925,Zelta,F,9
1925,Inabelle,F,6
1925,Savanna,F,5
1925,Watson,M,58
1925,Eldor,M,18
1925,Orton,M,10
1925,Eugen,M,6
1926,Irene,F,9165
1926,Wava,F,54
1926,Dorlene,F,19
1926,Ruthel,F,11
1926,Florian,F,7
1926,Doloros,F,5
1926,Alphonse,M,221
1926,Ronnie,M,28
1926,Ples,M,13
1926,Ander,M,7
1926,Elise,M,5
1927,Vada,F,161
1927,Aubrey,F,28
1927,Annelle,F,13
1927,Ysabel,F,9
1927,Kazuye,F,6
1927,Verga,F,5
1927,Jarvis,M,53
1927,Wash,M,18
1927,Darol,M,9
1927,Hilburn,M,6
1928,Blanche,F,1426
1928,Leo,F,44
1928,Margert,F,17
1928,Verlee,F,10
1928,Trannie,F,7
1928,Manette,F,5
1928,Cyrus,M,79
1928,Cephus,M,20
1928,Elija,M,10
1928,Ardie,M,6
1928,Worthy,M,5
1929,Vivienne,F,54
1929,Meriam,F,18
1929,Etsuko,F,10
1929,Runette,F,7
1929,Luis,F,5
1929,Milan,M,76
1929,Umberto,M,20
1929,Ramsey,M,10
1929,Harly,M,6
1930,Laverne,F,1096
1930,Vertie,F,41
1930,Montana,F,16
1930,Henri,F,9
1930,Elizibeth,F,6
1930,Telitha,F,5
1930,Earlie,M,52
1930,Julia,M,16
1930,Masami,M,9
1930,Ronold,M,6
1931,Corrine,F,281
1931,Neomia,F,29
1931,Mitsuko,F,13
1931,Magda,F,8
1931,Barry,F,5
1931,Russel,M,187
1931,Loyce,M,25
1931,Lindley,M,11
1931,Bartow,M,6
1932,Constance,F,2492
1932,Earl,F,42
1932,Maisie,F,16
1932,Dolorese,F,9
1932,Glades,F,6
1932,Zonie,F,5
1932,Isadore,M,44
1932,Ancel,M,14
1932,Lothar,M,8
1932,Haydn,M,5
1933,Lovie,F,83
1933,Vennie,F,21
1933,Cornelius,F,10
1933,Vastie,F,7
1933,Pallie,F,5
1933,Lauren,M,52
1933,Ferrel,M,15
1933,Iver,M,8
1933,Gurvis,M,5
1934,Garnet,F,89
1934,Azzie,F,20
1934,Sammye,F,11
1934,Nelson,F,7
1934,Madrene,F,5
1934,Bernice,M,69
1934,Creighton,M,17
1934,Verdon,M,9
1934,Burch,M,5
1935,Caryl,F,150
1935,Glen,F,24
1935,Maryan,F,12
1935,Fleeta,F,7
1935,Joeanna,F,5
1935,Santiago,M,86
1935,Neill,M,19
1935,Liborio,M,9
1935,Woodward,M,6
1936,Saundra,F,170
1936,Michelina,F,25
1936,Rozetta,F,12
1936,Fronnie,F,7
1936,Ivalou,F,5
1936,Kirby,M,82
1936,West,M,18
1936,Allard,M,8
1936,Clent,M,5
1937,Margot,F,126
1937,Hildegarde,F,23
1937,Deola,F,11
1937,Jeanet,F,7
1937,Lamar,F,5
1937,Rayburn,M,79
1937,Mortimer,M,18
1937,Welby,M,9
1937,Edwyn,M,5
1938,Maurine,F,110
1938,Alethia,F,22
1938,Inis,F,11
1938,Jeaneen,F,7
1938,Kary,F,5
1938,Carlo,M,82
1938,Lyn,M,18
1938,Anita,M,8
1938,Drewey,M,5
1939,Jerrie,F,117
1939,Remona,F,23
1939,Darleene,F,11
1939,Lissie,F,7
1939,Lonzetta,F,5
1939,Lincoln,M,78
1939,Ival,M,17
1939,Emily,M,8
1939,Garney,M,5
1940,Charmaine,F,97
1940,Fae,F,22
1940,Shella,F,11
1940,Loveda,F,7
1940,Kelley,F,5
1940,Otha,M,80
1940,Alpha,M,17
1940,Berle,M,8
1940,Hyram,M,5
1941,Nila,F,92
1941,Vallie,F,22
1941,Jeanice,F,11
1941,Jacquiline,F,7
1941,Lajune,F,5
1941,Coleman,M,86
1941,Hiawatha,M,18
1941,Amadeo,M,8
1941,Esker,M,5
1942,Lona,F,129
1942,Roxana,F,26
1942,Woodie,F,13
1942,Rachele,F,8
1942,Armilda,F,5
1942,Ramon,M,454
1942,Finis,M,30
1942,Carvin,M,11
1942,Con,M,6
1943,Jill,F,811
1943,Laureen,F,43
1943,Shelvia,F,17
1943,Viann,F,10
1943,Berdena,F,6
1943,Robertta,F,5
1943,Fritz,M,59
1943,Hulon,M,16
1943,Mart,M,8
1943,Melchor,M,5
1944,Sidney,F,85
1944,Judee,F,22
1944,Geraline,F,11
1944,Georgi,F,7
1944,Gwynda,F,5
1944,Garrett,M,110
1944,Derwood,M,19
1944,Onesimo,M,9
1944,Even,M,5
1945,Enid,F,121
1945,Joanie,F,25
1945,Ladean,F,12
1945,Almarie,F,7
1945,Clydine,F,5
1945,Murray,M,189
1945,Rance,M,22
1945,Darren,M,9
1945,Dezzie,M,5
1946,Ginny,F,147
1946,Camellia,F,29
1946,Francia,F,14
1946,Virgene,F,9
1946,Henryetta,F,6
1946,Veleta,F,5
1946,Sherrill,M,49
1946,Clemens,M,14
1946,Craven,M,7
1946,Tennis,M,5
1947,Theda,F,88
1947,Arden,F,25
1947,Gardenia,F,13
1947,Renata,F,9
1947,Glema,F,6
1947,Rethia,F,5
1947,Ashley,M,67
1947,Thermon,M,18
1947,Ulysess,M,9
1947,Dariel,M,5
1948,Lesley,F,211
1948,Bess,F,35
1948,Roselee,F,16
1948,Su,F,10
1948,Scott,F,7
1948,Janese,F,5
1948,Abel,M,151
1948,Leif,M,23
1948,Lavell,M,10
1948,Mallie,M,6
1949,Helene,F,511
1949,Dortha,F,47
1949,Ardyce,F,18
1949,Pamula,F,11
1949,Doristine,F,7
1949,Chaille,F,5
1949,Geoffrey,M,586
1949,Baldemar,M,32
1949,Knox,M,12
1949,Vandy,M,7
1950,Charlotte,F,4736
1950,Janel,F,73
1950,Joellyn,F,22
1950,Charissa,F,12
1950,Gloriann,F,8
1950,Marlise,F,6
1950,Victor,F,5
1950,Jory,M,52
1950,Glade,M,15
1950,Pink,M,8
1950,Lanning,M,5
1951,Georgianna,F,131
1951,Bari,F,30
1951,Merlyn,F,15
1951,Dewana,F,9
1951,Storm,F,7
1951,Jocie,F,5
1951,Jerold,M,150
1951,Dayne,M,23
1951,Hardin,M,10
1951,Kipton,M,6
1952,Cora,F,665
1952,Wonda,F,54
1952,Nilsa,F,21
1952,Lujean,F,12
1952,Levonne,F,8
1952,Marlina,F,6
1952,Tannis,F,5
1952,Lucious,M,60
1952,Olden,M,17
1952,Charls,M,8
1952,Feliberto,M,5
1953,Bobbi,F,188
1953,Joline,F,36
1953,Marvina,F,17
1953,Tennie,F,11
1953,Cornelius,F,7
1953,Warren,F,6
1953,Brad,M,1646
1953,Regan,M,41
1953,Ozie,M,14
1953,Bowen,M,7
1953,Maxton,M,5
1954,Velda,F,130
1954,Rinda,F,33
1954,Johnsie,F,16
1954,Hulda,F,10
1954,Francyne,F,7
1954,Bradley,F,5
1954,Luis,M,1019
1954,Chet,M,38
1954,Baltazar,M,13
1954,Cicel,M,7
1954,Philemon,M,5
1955,Glinda,F,127
1955,Loralee,F,33
1955,Dorotha,F,16
1955,Felipa,F,10
1955,Eleonore,F,7
1955,Ardelle,F,5
1955,Leon,M,2145
1955,Leopoldo,M,43
1955,Amon,M,14
1955,Philipp,M,8
1955,Knut,M,5
1956,Sybil,F,167
1956,Leota,F,37
1956,Genette,F,18
1956,Dorina,F,11
1956,Roe,F,8
1956,Nalani,F,6
1956,Sheralee,F,5
1956,Xavier,M,76
1956,Mikell,M,19
1956,Giuseppe,M,9
1956,Robertt,M,6
1957,Katie,F,512
1957,Tawana,F,57
1957,Sigrid,F,23
1957,Lynnea,F,13
1957,Loucinda,F,9
1957,Arneda,F,6
1957,Gerre,F,5
1957,Carroll,M,379
1957,Lazaro,M,32
1957,Dail,M,12
1957,Jonothan,M,7
1957,Patrich,M,5
1958,Jannie,F,145
1958,Terrell,F,36
1958,Tambria,F,18
1958,Luwanna,F,11
1958,Tamblyn,F,8
1958,Marice,F,6
1958,Schelly,F,5
1958,Rayford,M,83
1958,Rita,M,20
1958,Arthor,M,9
1958,Perrie,M,6
1959,Lucinda,F,823
1959,Deborha,F,65
1959,Rickey,F,25
1959,Jerene,F,14
1959,Briget,F,9
1959,Linna,F,7
1959,Berneta,F,5
1959,Jerome,M,2683
1959,Lawrance,M,47
1959,Dionicio,M,15
1959,Irby,M,8
1959,Dixie,M,5
1960,Josie,F,305
1960,Belva,F,51
1960,Mellisa,F,23
1960,Fabiola,F,13
1960,Evy,F,9
1960,Oneda,F,7
1960,Davene,F,5
1960,Freddie,M,1216
1960,Denton,M,41
1960,Clovis,M,14
1960,Leanard,M,8
1960,Ferry,M,5
1961,Karyn,F,256
1961,Meta,F,48
1961,Jeanelle,F,22
1961,Dari,F,13
1961,Ellamae,F,9
1961,Marena,F,7
1961,Benigna,F,5
1961,Rick,M,3735
1961,Elston,M,50
1961,Link,M,16
1961,Avi,M,8
1961,Aurther,M,5
1962,Danette,F,447
1962,Carma,F,58
1962,Albert,F,24
1962,Cyntha,F,14
1962,Nida,F,10
1962,Estrelita,F,7
1962,Shyrl,F,6
1962,Tamasine,F,5
1962,Rogers,M,76
1962,Johannes,M,19
1962,Christo,M,9
1962,Lougene,M,6
1963,Erin,F,1199
1963,Elida,F,77
1963,Berlinda,F,28
1963,Laurena,F,16
1963,Trinna,F,11
1963,Teresina,F,8
1963,Lestine,F,6
1963,Marli,F,5
1963,Cody,M,175
1963,Ceasar,M,25
1963,Graylin,M,11
1963,Sandford,M,7
1963,Vint,M,5
1964,Elaina,F,118
1964,Alanna,F,36
1964,Marshall,F,19
1964,Karalee,F,12
1964,Tesha,F,9
1964,Valina,F,7
1964,Deleen,F,5
1964,Vernon,M,1570
1964,Angela,M,43
1964,Ossie,M,15
1964,Lennon,M,8
1964,Decarlos,M,5
1965,Marcie,F,271
1965,Kisha,F,50
1965,Margarette,F,23
1965,Debria,F,13
1965,Donalyn,F,9
1965,Lynnel,F,7
1965,Ardean,F,5
1965,Tony,M,6824
1965,Gaylon,M,50
1965,Natividad,M,16
1965,Dorn,M,8
1965,Drue,M,5
1966,David,F,230
1966,Raeann,F,48
1966,Marlisa,F,22
1966,Jaimi,F,13
1966,Ingra,F,9
1966,Nadina,F,7
1966,Bedar,F,5
1966,Scott,M,26043
1966,Brandt,M,51
1966,Mikael,M,16
1966,Carry,M,8
1966,Catalino,M,5
1967,Thelma,F,388
1967,Delois,F,57
1967,Shereen,F,25
1967,Adrena,F,14
1967,Lovetta,F,10
1967,Arlyn,F,7
1967,Maeve,F,6
1967,Melvenia,F,5
1967,Toney,M,142
1967,Murry,M,23
1967,Clare,M,10
1967,Davi,M,6
1968,Terri,F,4268
1968,Charleen,F,96
1968,Sasha,F,34
1968,Eulalia,F,18
1968,Jai,F,12
1968,Sherrel,F,9
1968,Rania,F,7
1968,Barbera,F,5
1968,Tenise,F,5
1968,Reese,M,66
1968,Schuyler,M,19
1968,Tremayne,M,10
1968,Jakob,M,6
1969,Becky,F,2092
1969,May,F,93
1969,Lecia,F,35
1969,Lucrecia,F,19
1969,Sunnie,F,13
1969,Emelie,F,9
1969,Gaile,F,7
1969,Meighan,F,6
1969,Malisha,F,5
1969,Dallas,M,301
1969,Gareth,M,31
1969,Derryl,M,13
1969,Karel,M,8
1969,Araceli,M,5
1970,June,F,565
1970,Shantell,F,75
1970,Cruz,F,31
1970,Rosalynn,F,19
1970,Mauri,F,13
1970,Zorana,F,10
1970,Arlee,F,7
1970,Jametta,F,6
1970,Genni,F,5
1970,Roger,M,4586
1970,Sydney,M,60
1970,Bradlee,M,19
1970,Tylor,M,11
1970,Kostantinos,M,7
1970,Jefferie,M,5
1971,Shannan,F,265
1971,Jeneen,F,57
1971,Kayleen,F,28
1971,Tamira,F,18
1971,Gaila,F,12
1971,Deette,F,9
1971,Althia,F,7
1971,Dorotea,F,6
1971,Demetricia,F,5
1971,Zarah,F,5
1971,Nestor,M,67
1971,Cooper,M,21
1971,Cam,M,11
1971,Ballard,M,7
1971,Caley,M,5
1972,Chandra,F,660
1972,Cameron,F,75
1972,Nichele,F,32
1972,Laverna,F,19
1972,Danella,F,13
1972,Pamula,F,10
1972,Mendie,F,8
1972,Bea,F,6
1972,Annamae,F,5
1972,Shanley,F,5
1972,Mauricio,M,139
1972,Amit,M,27
1972,Carolyn,M,13
1972,Conn,M,8
1972,Jarion,M,6
1972,Theordore,M,5
1973,Vonda,F,133
1973,Marilee,F,43
1973,Danni,F,23
1973,Shawnte,F,16
1973,Cotrina,F,11
1973,Rasheen,F,9
1973,Jamal,F,7
1973,Latachia,F,6
1973,Jenay,F,5
1973,Gabriel,M,1985
1973,Isiah,M,53
1973,Brodrick,M,19
1973,Kiven,M,11
1973,Christophere,M,7
1973,Anothny,M,5
1974,Kimberley,F,1006
1974,Hattie,F,87
1974,Alessandra,F,35
1974,Laquetta,F,21
1974,Carriann,F,14
1974,Rendy,F,11
1974,Zerlina,F,9
1974,Kristeena,F,7
1974,Levette,F,6
1974,Jacqeline,F,5
1974,Mark,M,18915
1974,Shedrick,M,66
1974,Idris,M,22
1974,Grey,M,12
1974,Kindell,M,8
1974,Marquese,M,6
1975,Rebecca,F,13927
1975,Rebeca,F,120
1975,Mina,F,44
1975,Lynnea,F,24
1975,Jennafer,F,16
1975,Latrisa,F,12
1975,Asya,F,9
1975,Shantina,F,8
1975,Amenia,F,6
1975,Tycie,F,6
1975,Meribeth,F,5
1975,Oliver,M,357
1975,Anil,M,39
1975,Kennon,M,18
1975,Thadius,M,11
1975,Darrold,M,7
1975,Thom,M,6
1976,Natalie,F,3504
1976,Ethel,F,113
1976,Kimbra,F,42
1976,Shannen,F,24
1976,Mitzy,F,16
1976,Mashawn,F,12
1976,Asusena,F,9
1976,Patrese,F,8
1976,Tiffannie,F,7
1976,Stefanee,F,6
1976,Laron,F,5
1976,Tyler,M,1263
1976,Demario,M,53
1976,Antwoine,M,21
1976,Lenwood,M,12
1976,Jamee,M,8
1976,Hisham,M,6
1976,Montique,M,5
1977,Marion,F,229
1977,Iliana,F,62
1977,Keyana,F,31
1977,Laquesha,F,20
1977,Charley,F,14
1977,Korena,F,11
1977,Naomie,F,9
1977,Chevette,F,7
1977,Damia,F,6
1977,Allisyn,F,5
1977,Myishia,F,5
1977,Carlton,M,466
1977,Yosef,M,45
1977,Antawn,M,19
1977,Tellas,M,12
1977,Jodey,M,8
1977,Garyn,M,6
1977,Kenneith,M,5
1978,Caryn,F,362
1978,Kacie,F,74
1978,Talisa,F,35
1978,Ani,F,21
1978,Irish,F,15
1978,Tabbatha,F,12
1978,Deisha,F,9
1978,Shatana,F,8
1978,Vallerie,F,7
1978,Sharonica,F,6
1978,Keywana,F,5
1978,Shaun,M,6105
1978,Dustan,M,69
1978,Monta,M,24
1978,Sy,M,14
1978,Michaeal,M,9
1978,Zachory,M,7
1978,Deward,M,5
1979,Kirsten,F,818
1979,Shanelle,F,98
1979,Nilda,F,42
1979,Maurice,F,25
1979,Haylie,F,17
1979,Michaella,F,13
1979,Dametra,F,10
1979,Vani,F,9
1979,Farra,F,7
1979,Drina,F,6
1979,Araya,F,5
1979,Minta,F,5
1979,Ben,M,549
1979,Rasheem,M,49
1979,Jame,M,21
1979,Thaddaeus,M,13
1979,Shandy,M,9
1979,Virgle,M,7
1979,Elkin,M,5
1980,Annette,F,971
1980,Kristian,F,103
1980,Leora,F,44
1980,Korie,F,26
1980,Quanisha,F,18
1980,Beverley,F,13
1980,Sia,F,11
1980,Saudia,F,9
1980,Burgundy,F,7
1980,Charmeka,F,6
1980,Teara,F,6
1980,Lakendria,F,5
1980,Troy,M,2830
1980,Emerson,M,67
1980,Sunny,M,26
1980,Asif,M,14
1980,Tia,M,10
1980,Fahd,M,7
1980,Sarkis,M,6
1980,Selman,M,5
1981,Kesha,F,192
1981,Roshanda,F,61
1981,Luana,F,32
1981,Shalina,F,21
1981,Jolinda,F,15
1981,Shanina,F,12
1981,Anedra,F,9
1981,Machele,F,8
1981,Samanta,F,7
1981,Mahasin,F,6
1981,Diesha,F,5
1981,Shareeka,F,5
1981,Lane,M,177
1981,Dathan,M,36
1981,Maurio,M,18
1981,Chai,M,11
1981,Eren,M,8
1981,Dace,M,6
1981,Gualberto,M,5
1982,Lorena,F,653
1982,Marguerite,F,91
1982,Rory,F,42
1982,Hester,F,25
1982,Bo,F,17
1982,Kendi,F,13
1982,Yee,F,11
1982,Shateka,F,9
1982,Charidy,F,7
1982,Callan,F,6
1982,Taquia,F,6
1982,Ladean,F,5
1982,Patrick,M,10694
1982,Jory,M,77
1982,Montana,M,27
1982,Juvenal,M,15
1982,Gianfranco,M,10
1982,Ansley,M,7
1982,Kien,M,6
1982,Neri,M,5
1983,Princess,F,251
1983,Jolynn,F,66
1983,Eboney,F,33
1983,Zabrina,F,22
1983,Tysha,F,16
1983,Meighan,F,12
1983,Valine,F,10
1983,Lateria,F,8
1983,Nicia,F,7
1983,Lessa,F,6
1983,Desa,F,5
1983,Shamekka,F,5
1983,Jessica,M,194
1983,Kong,M,37
1983,Jeramey,M,18
1983,Vinod,M,12
1983,Encarnacion,M,8
1983,Corydon,M,6
1983,Gibbs,M,5
1984,Sonya,F,854
1984,Estrella,F,97
1984,Nanette,F,43
1984,Lawren,F,26
1984,Sammy,F,18
1984,Dorene,F,13
1984,Abelina,F,10
1984,Sarajane,F,9
1984,Cedric,F,7
1984,Caria,F,6
1984,Terence,F,6
1984,Ladena,F,5
1984,Mario,M,2348
1984,Huy,M,66
1984,Farhan,M,25
1984,Benji,M,14
1984,Niall,M,10
1984,Dorain,M,7
1984,Panos,M,6
1984,Ryanlee,M,5
1985,Kourtney,F,214
1985,Alba,F,63
1985,Ora,F,34
1985,Laquanta,F,22
1985,Meri,F,16
1985,Jacquie,F,12
1985,Ngozi,F,10
1985,Enza,F,8
1985,Konica,F,7
1985,Jannetta,F,6
1985,Artrice,F,5
1985,Me,F,5
1985,Brock,M,711
1985,Samual,M,56
1985,Tyreese,M,24
1985,Jerman,M,14
1985,Severo,M,10
1985,Devario,M,7
1985,Nochum,M,6
1985,Onesimo,M,5
1986,Noel,F,253
1986,Sabra,F,69
1986,Nissa,F,36
1986,Luann,F,23
1986,Tameshia,F,17
1986,Shella,F,13
1986,Dashawna,F,10
1986,Timia,F,9
1986,Cintia,F,7
1986,Candence,F,6
1986,Solangel,F,6
1986,Jyllian,F,5
1986,Towanna,F,5
1986,German,M,104
1986,Jamon,M,32
1986,Alon,M,17
1986,Anival,M,11
1986,Briggs,M,8
1986,Tymon,M,7
1986,Christa,M,5
1987,Tara,F,4443
1987,Sunny,F,144
1987,Dinah,F,53
1987,Michel,F,31
1987,Malisha,F,21
1987,Adia,F,15
1987,Jamilee,F,12
1987,Lachele,F,10
1987,Banessa,F,8
1987,Erynne,F,7
1987,Chrishana,F,6
1987,Sheneice,F,6
1987,Jillane,F,5
1987,Teka,F,5
1987,Estevan,M,129
1987,Marlo,M,36
1987,Soloman,M,19
1987,Hiroshi,M,12
1987,Monico,M,9
1987,Labaron,M,7
1987,Shunsuke,M,6
1987,Payman,M,5
1988,Araceli,F,286
1988,Cydney,F,77
1988,Krystyn,F,40
1988,Shila,F,26
1988,Carmin,F,18
1988,Donnetta,F,14
1988,Alease,F,11
1988,Yana,F,10
1988,Ieesha,F,8
1988,Jeannetta,F,7
1988,Darrian,F,6
1988,Tiarah,F,6
1988,Kadra,F,5
1988,Taquella,F,5
1988,Jamil,M,141
1988,Jarel,M,38
1988,Kao,M,20
1988,Keron,M,13
1988,Ardell,M,9
1988,Benicio,M,7
1988,Jino,M,6
1988,Jaylynn,M,5
1989,Diane,F,803
1989,Frankie,F,119
1989,Kieara,F,51
1989,Sunnie,F,32
1989,Meagon,F,22
1989,Avital,F,16
1989,Jontae,F,13
1989,Raeleen,F,11
1989,Jenah,F,9
1989,Meesha,F,8
1989,Laronica,F,7
1989,Hadas,F,6
1989,Violette,F,6
1989,Kamera,F,5
1989,Tametria,F,5
1989,Jerald,M,164
1989,Jihad,M,43
1989,Tyrelle,M,23
1989,Sameul,M,15
1989,Taggart,M,11
1989,Dhruv,M,8
1989,Ritesh,M,7
1989,Smauel,M,6
1989,Mathue,M,5
1990,Whitley,F,432
1990,Lynnette,F,99
1990,Lupe,F,47
1990,Falisha,F,30
1990,Courtny,F,21
1990,Ahlam,F,16
1990,Danicia,F,13
1990,Julietta,F,11
1990,Aryan,F,9
1990,Feliz,F,8
1990,Esme,F,7
1990,Batya,F,6
1990,Rosaelia,F,6
1990,Diamonds,F,5
1990,Octavius,F,5
1990,Jarrod,M,792
1990,Danielle,M,71
1990,Corbett,M,30
1990,Bashir,M,18
1990,Malvin,M,13
1990,Simone,M,10
1990,Shamari,M,8
1990,Cheskel,M,6
1990,Christerpher,M,5
1990,Steffin,M,5
1991,Devyn,F,242
1991,Cristen,F,77
1991,Shaquilla,F,42
1991,Carmina,F,27
1991,Cidney,F,20
1991,Madolyn,F,16
1991,Margery,F,13
1991,Rickesha,F,11
1991,Glynis,F,9
1991,Laronica,F,8
1991,Kelina,F,7
1991,Dalilah,F,6
1991,Shanira,F,6
1991,Estafania,F,5
1991,Rheagan,F,5
1991,Allan,M,601
1991,Marquese,M,68
1991,Maximino,M,30
1991,Holland,M,18
1991,Luisalberto,M,13
1991,Mikhael,M,10
1991,Quinzell,M,8
1991,Brnadon,M,6
1991,Caspar,M,5
1991,Sederick,M,5
1992,Maira,F,290
1992,Christianna,F,86
1992,Aarika,F,44
1992,Laquasha,F,29
1992,Errin,F,21
1992,Anaya,F,16
1992,Danille,F,13
1992,Jerra,F,11
1992,Aariel,F,9
1992,Dyanne,F,8
1992,Cynethia,F,7
1992,Zohra,F,7
1992,Maricsa,F,6
1992,Coraima,F,5
1992,Mirayah,F,5
1992,Colin,M,2627
1992,Nikolaus,M,96
1992,Alen,M,36
1992,Dacota,M,21
1992,Briley,M,14
1992,Maximillion,M,11
1992,Abrham,M,8
1992,Maclean,M,7
1992,Napolean,M,6
1992,Kaylyn,M,5
1993,Tania,F,846
1993,Yessica,F,128
1993,Rochel,F,56
1993,Janey,F,34
1993,Keaton,F,24
1993,Katerin,F,18
1993,Carline,F,14
1993,Maheen,F,12
1993,Jesseka,F,10
1993,Peter,F,9
1993,Rashea,F,8
1993,Marquiesha,F,7
1993,Griselle,F,6
1993,Timmi,F,6
1993,Ineshia,F,5
1993,Shadell,F,5
1993,Chaz,M,382
1993,Ryon,M,61
1993,Blain,M,29
1993,Chelsea,M,18
1993,Dontel,M,13
1993,Jami,M,10
1993,Kaleem,M,8
1993,Stevieray,M,7
1993,Sawan,M,6
1993,Kishawn,M,5
1994,Adrienne,F,729
1994,Michaella,F,123
1994,Inez,F,55
1994,Robbie,F,34
1994,Shonte,F,24
1994,Korrina,F,18
1994,Bonny,F,14
1994,Kiyomi,F,12
1994,Hermelinda,F,10
1994,Nastasia,F,9
1994,Shanan,F,8
1994,Myrian,F,7
1994,Issel,F,6
1994,Tyrin,F,6
1994,Jenique,F,5
1994,Sharen,F,5
1994,Joaquin,M,297
1994,Yoel,M,58
1994,Terran,M,29
1994,Cavin,M,18
1994,Enrrique,M,13
1994,Giovannie,M,10
1994,Hirsh,M,8
1994,Ryson,M,7
1994,Sanil,M,6
1994,Khory,M,5
1995,Francesca,F,725
1995,Jacinda,F,121
1995,Raeanna,F,56
1995,Arleen,F,33
1995,Calista,F,23
1995,Mesha,F,18
1995,Emina,F,14
1995,Mekala,F,12
1995,Jonee,F,10
1995,Raul,F,9
1995,Shatiya,F,8
1995,Nalia,F,7
1995,Jahayra,F,6
1995,Ysela,F,6
1995,Jeidy,F,5
1995,Shanty,F,5
1995,Kasey,M,285
1995,Franky,M,57
1995,Rayden,M,29
1995,Hobie,M,18
1995,Garreth,M,13
1995,Dryden,M,10
1995,Hercules,M,8
1995,Raynathan,M,7
1995,Quashon,M,6
1995,Keantay,M,5
1996,Genesis,F,1028
1996,Nyasia,F,135
1996,Andreina,F,58
1996,River,F,36
1996,Ryane,F,25
1996,Aiden,F,18
1996,Natallie,F,15
1996,Esli,F,12
1996,Cloey,F,10
1996,Markesia,F,9
1996,Preslee,F,8
1996,Lior,F,7
1996,Duncan,F,6
1996,Sydea,F,6
1996,Gweneth,F,5
1996,Raysa,F,5
1996,Jerome,M,599
1996,Jaycob,M,76
1996,Demarkus,M,33
1996,Vasilios,M,21
1996,Zuri,M,15
1996,Loran,M,11
1996,Sanad,M,9
1996,Gadge,M,7
1996,Jemiah,M,6
1996,Dreyton,M,5
1996,Thristan,M,5
1997,Emilia,F,236
1997,Abriana,F,79
1997,Rain,F,43
1997,Marleny,F,29
1997,Dajanique,F,21
1997,Zane,F,17
1997,Anaid,F,13
1997,Charday,F,11
1997,Rhema,F,10
1997,Anesa,F,8
1997,Ajanee,F,7
1997,Shalexis,F,7
1997,Karlisa,F,6
1997,Anaysha,F,5
1997,Kathreen,F,5
1997,Tairra,F,5
1997,Jairo,M,223
1997,Deontay,M,57
1997,Jessee,M,29
1997,Sebastion,M,19
1997,Constantino,M,13
1997,Catrell,M,10
1997,Chi,M,8
1997,Kellon,M,7
1997,Karo,M,6
1997,Elijaha,M,5
1997,Troi,M,5
1998,Shelbi,F,235
1998,Starla,F,81
1998,Gwenyth,F,45
1998,Paityn,F,30
1998,Nikolette,F,22
1998,Jaliah,F,17
1998,Kennya,F,14
1998,Patrick,F,12
1998,Kadasia,F,10
1998,Praise,F,9
1998,Rayan,F,8
1998,Maigan,F,7
1998,Donyell,F,6
1998,Sundus,F,6
1998,Etienne,F,5
1998,Nyaja,F,5
1998,Keegan,M,928
1998,Kaelan,M,91
1998,Saif,M,39
1998,Darris,M,23
1998,Kento,M,16
1998,Kagan,M,12
1998,Zeshan,M,10
1998,Michaeljames,M,8
1998,Shakil,M,7
1998,Olawale,M,6
1998,Jaquae,M,5
1999,Madison,F,18051
1999,Ashtyn,F,204
1999,Keren,F,78
1999,Dionne,F,44
1999,Jadelynn,F,29
1999,Shaliyah,F,22
1999,Gracelynn,F,17
1999,Kaisa,F,14
1999,Lenore,F,12
1999,Fathima,F,10
1999,Makynna,F,9
1999,Margarete,F,8
1999,Kendia,F,7
1999,Chinelo,F,6
1999,Raychelle,F,6
1999,Delexis,F,5
1999,Mellina,F,5
1999,Mark,M,5605
1999,Edmund,M,127
1999,Daiquan,M,46
1999,Micha,M,27
1999,Jevan,M,18
1999,Cairo,M,13
1999,Arlin,M,10
1999,Trayquan,M,9
1999,Demorris,M,7
1999,Friedrich,M,6
1999,Benjimin,M,5
1999,Nashoba,M,5
2000,Annabelle,F,597
2000,Livia,F,126
2000,Deysi,F,62
2000,Deseree,F,38
2000,Josi,F,27
2000,Shaquana,F,21
2000,Vanna,F,17
2000,Peyten,F,14
2000,Shelsey,F,12
2000,Jazsmin,F,10
2000,Myonna,F,9
2000,Mychael,F,8
2000,Kelsha,F,7
2000,Cecille,F,6
2000,Natane,F,6
2000,Cassee,F,5
2000,Laylani,F,5
2000,Treyana,F,5
2000,Keven,M,199
2000,Stacy,M,60
2000,Cisco,M,32
2000,Erron,M,21
2000,Carlson,M,15
2000,Nykolas,M,12
2000,Yaacov,M,10
2000,Kaeo,M,8
2000,Millan,M,7
2000,Lazerrick,M,6
2000,Devontez,M,5
2000,Satvik,M,5
2001,Beyonce,F,353
2001,Calli,F,106
2001,Alexas,F,55
2001,Adalyn,F,35
2001,Ariell,F,25
2001,Kelia,F,20
2001,Dona,F,16
2001,Vianka,F,14
2001,Tifany,F,12
2001,Jurnie,F,10
2001,Mayana,F,9
2001,Minelly,F,8
2001,Kandie,F,7
2001,Aunica,F,6
2001,Mayerly,F,6
2001,Billiejean,F,5
2001,Kimiya,F,5
2001,Tatym,F,5
2001,Jacoby,M,237
2001,Jayshawn,M,66
2001,Yoni,M,35
2001,Cosmo,M,22
2001,Donya,M,16
2001,Cuahutemoc,M,12
2001,Konstantine,M,10
2001,Duvan,M,8
2001,Jylan,M,7
2001,Izzat,M,6
2001,Beckham,M,5
2001,Mondale,M,5
2002,Kyleigh,F,662
2002,Ravyn,F,133
2002,Malak,F,66
2002,Maylee,F,40
2002,Kelia,F,28
2002,Aeriel,F,21
2002,Brilee,F,17
2002,Abena,F,14
2002,Elysabeth,F,12
2002,Wafa,F,11
2002,Deshanae,F,9
2002,Etana,F,8
2002,Cashanti,F,7
2002,Syniya,F,7
2002,Kaitlynd,F,6
2002,Abeeha,F,5
2002,Itzelle,F,5
2002,Pavithra,F,5
2002,Nikolas,M,744
2002,Camilo,M,97
2002,Sandro,M,44
2002,Cameryn,M,26
2002,Donyae,M,18
2002,Taheim,M,14
2002,Machai,M,11
2002,Keoki,M,9
2002,Terrez,M,8
2002,Wynston,M,7
2002,Rakin,M,6
2002,Jacarious,M,5
2002,Tykwan,M,5
2003,Amelie,F,274
2003,Promise,F,98
2003,Tanasia,F,54
2003,Bryleigh,F,35
2003,Kynlee,F,26
2003,Gavin,F,20
2003,Ahmari,F,16
2003,Nitza,F,14
2003,Miaya,F,12
2003,Elivia,F,10
2003,Khushpreet,F,9
2003,Kimberely,F,8
2003,Goretti,F,7
2003,Adriahna,F,6
2003,Kyela,F,6
2003,Alexxys,F,5
2003,Jewliana,F,5
2003,Sarahjane,F,5
2003,Jaheim,M,552
2003,Keller,M,90
2003,Raquan,M,43
2003,Dany,M,26
2003,Daeton,M,18
2003,Michai,M,14
2003,Jerard,M,11
2003,Guido,M,9
2003,Romon,M,8
2003,Suhail,M,7
2003,Muath,M,6
2003,Freddi,M,5
2003,Shajuan,M,5
2004,Kya,F,380
2004,Liza,F,114
2004,Zulema,F,61
2004,Kalin,F,39
2004,Alyshia,F,28
2004,Rani,F,22
2004,Serah,F,18
2004,Naidelin,F,15
2004,Zariel,F,13
2004,Natalye,F,11
2004,Aiman,F,9
2004,Aneta,F,8
2004,Tyrionna,F,8
2004,Memorie,F,7
2004,Erianne,F,6
2004,Sanyiah,F,6
2004,Dalisa,F,5
2004,Lyndze,F,5
2004,Yaireth,F,5
2004,Blaise,M,195
2004,Dasean,M,65
2004,Andruw,M,35
2004,Dallon,M,23
2004,Kaushal,M,17
2004,Derell,M,13
2004,Sahaj,M,11
2004,Kerby,M,9
2004,Xavyer,M,8
2004,Woods,M,7
2004,Myah,M,6
2004,Emone,M,5
2004,Sayeed,M,5
2005,Mariela,F,415
2005,Griselda,F,119
2005,Aviva,F,63
2005,Jayanna,F,40
2005,Ronni,F,29
2005,Jaslin,F,22
2005,Kassidie,F,18
2005,Jeneva,F,15
2005,Marylu,F,13
2005,Gili,F,11
2005,Monzerat,F,10
2005,Shalonda,F,9
2005,Naveyah,F,8
2005,Kailany,F,7
2005,Anuoluwapo,F,6
2005,Maesyn,F,6
2005,Anelia,F,5
2005,Jolyssa,F,5
2005,Shahad,F,5
2005,Lincoln,M,501
2005,Benicio,M,96
2005,Bryden,M,45
2005,Koy,M,28
2005,Damaris,M,19
2005,Ousman,M,15
2005,Nickolus,M,12
2005,Obryan,M,10
2005,Eastin,M,8
2005,Isiaah,M,7
2005,Evangelo,M,6
2005,Aero,M,5
2005,Kito,M,5
2006,Peyton,F,2534
2006,Grecia,F,216
2006,Myranda,F,91
2006,Charly,F,53
2006,Rosalina,F,36
2006,Iysis,F,27
2006,Anistyn,F,21
2006,Abrar,F,17
2006,Radha,F,15
2006,Raini,F,13
2006,Hadli,F,11
2006,Mauri,F,10
2006,Niemah,F,9
2006,Mareena,F,8
2006,Jahleah,F,7
2006,Aalivia,F,6
2006,Kelana,F,6
2006,Zlata,F,6
2006,Hateya,F,5
2006,Nadyne,F,5
2006,Henry,M,4664
2006,Achilles,M,160
2006,Treshaun,M,63
2006,Clement,M,35
2006,Yonah,M,24
2006,Briant,M,17
2006,Ailton,M,13
2006,Haaris,M,11
2006,Cesario,M,9
2006,Joden,M,8
2006,Juriel,M,7
2006,Gerome,M,6
2006,Aland,M,5
2006,Khaleil,M,5
2007,Aubrey,F,4504
2007,Elyssa,F,245
2007,Cecily,F,98
2007,Jahniya,F,57
2007,Elma,F,38
2007,Schuyler,F,29
2007,Yissel,F,23
2007,Tristian,F,19
2007,Verena,F,16
2007,Avyanna,F,13
2007,Tayen,F,12
2007,Emary,F,10
2007,Jillianne,F,9
2007,Ginna,F,8
2007,Areesha,F,7
2007,Paley,F,7
2007,Eleen,F,6
2007,Paraskevi,F,6
2007,Breelle,F,5
2007,Kenny,F,5
2007,Shavy,F,5
2007,Alfonso,M,499
2007,Oren,M,104
2007,Kevion,M,50
2007,Daymon,M,30
2007,Cortney,M,21
2007,Jaequan,M,16
2007,Quest,M,13
2007,Tavish,M,11
2007,Jkwon,M,9
2007,Percival,M,8
2007,Moritz,M,7
2007,Jamont,M,6
2007,Athon,M,5
2007,Kyheem,M,5
2008,Amanda,F,2439
2008,Jana,F,226
2008,Doris,F,94
2008,Lillith,F,54
2008,Lilianne,F,38
2008,Abcde,F,28
2008,Ashlei,F,22
2008,Deetya,F,18
2008,Annslee,F,15
2008,Gyanna,F,13
2008,Annelyse,F,11
2008,Jenisis,F,10
2008,Lashaun,F,9
2008,Kaileena,F,8
2008,Chloeanne,F,7
2008,Sheva,F,7
2008,Infant,F,6
2008,Shandra,F,6
2008,Dajahnae,F,5
2008,Kyriaki,F,5
2008,Taralynn,F,5
2008,Aidyn,M,336
2008,Maddex,M,90
2008,Laine,M,46
2008,Lysander,M,29
2008,Weldon,M,21
2008,Rhylan,M,16
2008,Steel,M,13
2008,Adrick,M,10
2008,Kuba,M,9
2008,Samik,M,8
2008,Nykell,M,7
2008,Jaxtin,M,6
2008,Asthon,M,5
2008,Kryton,M,5
2009,Melanie,F,3481
2009,Kairi,F,233
2009,Liyah,F,97
2009,Christie,F,55
2009,Sullivan,F,38
2009,Anagha,F,28
2009,Alie,F,22
2009,Aunesty,F,18
2009,Atianna,F,15
2009,Jennessy,F,13
2009,Caycee,F,11
2009,Kiziah,F,10
2009,Mazzie,F,9
2009,Kristyana,F,8
2009,Eileena,F,7
2009,Toba,F,7
2009,Jian,F,6
2009,Timera,F,6
2009,Elliah,F,5
2009,Marcille,F,5
2009,Yuleidi,F,5
2009,Elmer,M,222
2009,Jody,M,74
2009,Ridley,M,41
2009,Celso,M,26
2009,Avaneesh,M,19
2009,Jencarlo,M,15
2009,Fuad,M,12
2009,Jaikob,M,10
2009,Trusten,M,9
2009,Ashan,M,7
2009,Yeyson,M,7
2009,Marx,M,6
2009,Demarkis,M,5
2009,Osten,M,5
2010,Holly,F,771
2010,Gwen,F,163
2010,Maliha,F,78
2010,An,F,47
2010,Dalylah,F,33
2010,Zurisadai,F,26
2010,Briceida,F,20
2010,Nakira,F,17
2010,Irlanda,F,14
2010,Harshitha,F,12
2010,Zaiah,F,11
2010,Bryla,F,9
2010,Azula,F,8
2010,Zenovia,F,8
2010,Marlia,F,7
2010,Daryah,F,6
2010,Pantera,F,6
2010,Bobby,F,5
2010,Kelisha,F,5
2010,Simarpreet,F,5
2010,Memphis,M,406
2010,Amauri,M,97
2010,Lenin,M,47
2010,Truth,M,30
2010,Kort,M,21
2010,Kiel,M,16
2010,Priest,M,13
2010,Anuar,M,10
2010,Raffi,M,9
2010,Val,M,8
2010,Tavari,M,7
2010,Leny,M,6
2010,Cyruss,M,5
2010,Mounir,M,5
2011,Emely,F,866
2011,Stacey,F,168
2011,Analeah,F,78
2011,Jalani,F,48
2011,Camellia,F,33
2011,Avital,F,25
2011,Charleston,F,20
2011,Sivan,F,17
2011,Jenalee,F,14
2011,Jamariya,F,12
2011,Adrea,F,10
2011,Corazon,F,9
2011,Cassy,F,8
2011,Ajayla,F,7
2011,Nature,F,7
2011,Elice,F,6
2011,Saamiya,F,6
2011,Dalaina,F,5
2011,Lillybelle,F,5
2011,Valen,F,5
2011,Bruno,M,261
2011,Luther,M,78
2011,Lucky,M,42
2011,Jotham,M,27
2011,Beckem,M,19
2011,Keniel,M,15
2011,Lanier,M,12
2011,Lathyn,M,10
2011,Barak,M,8
2011,Darick,M,7
2011,Alarik,M,6
2011,Nicolaos,M,6
2011,Emaan,M,5
2011,Ralpheal,M,5
2012,Kenley,F,613
2012,Maisie,F,149
2012,Kamaria,F,73
2012,Maram,F,46
2012,Azure,F,32
2012,Nohely,F,25
2012,Riann,F,20
2012,Carlene,F,16
2012,Nomi,F,14
2012,Miroslava,F,12
2012,Ashten,F,10
2012,Dhiya,F,9
2012,Devory,F,8
2012,Aimi,F,7
2012,Mikeala,F,7
2012,Eriny,F,6
2012,Sharol,F,6
2012,Deekshitha,F,5
2012,Manasa,F,5
2012,Dylan,M,9976
2012,Kyran,M,188
2012,Zade,M,69
2012,Octavius,M,38
2012,Eddison,M,25
2012,Andrea,M,18
2012,Cire,M,14
2012,Aadam,M,11
2012,Sosaia,M,10
2012,Deandrew,M,8
2012,Fenn,M,7
2012,Costa,M,6
2012,Srithik,M,6
2012,Jaqari,M,5
2012,Treygan,M,5
2013,Deborah,F,329
2013,Kenadee,F,112
2013,Lincoln,F,61
2013,Misty,F,40
2013,Morgen,F,29
2013,Ashia,F,22
2013,Indy,F,18
2013,Cyniah,F,15
2013,Lucky,F,13
2013,Jalee,F,11
2013,Sanvitha,F,10
2013,Syenna,F,9
2013,Omolara,F,8
2013,Kahlie,F,7
2013,Aulbrey,F,6
2013,Mckennzie,F,6
2013,Aulelei,F,5
2013,Kalieah,F,5
2013,Simora,F,5
2013,Lucian,M,392
2013,Isa,M,94
2013,Derik,M,45
2013,Mendy,M,29
2013,Cosmo,M,20
2013,Yahshua,M,16
2013,Boss,M,12
2013,Danil,M,10
2013,Siegfried,M,9
2013,Aadith,M,7
2013,Viyaan,M,7
2013,Matyas,M,6
2013,Ebba,M,5
2013,Rontavious,M,5
2014,Alani,F,470
2014,Jianna,F,132
2014,Luca,F,67
2014,Maja,F,43
2014,Sammi,F,31
2014,Cana,F,23
2014,Sonam,F,19
2014,Anala,F,15
2014,Janeva,F,13
2014,Chaise,F,11
2014,My,F,10
2014,Paylin,F,9
2014,Meekah,F,8
2014,Jessabella,F,7
2014,Anaysha,F,6
2014,Lenyn,F,6
2014,Anashe,F,5
2014,Josielynn,F,5
2014,Sarely,F,5
2014,Hayes,M,498
2014,Syncere,M,103
2014,Makhai,M,48
2014,Jassiah,M,30
2014,Deakon,M,21
2014,Kanen,M,16
2014,Timmothy,M,13
2014,Ayad,M,10
2014,Nyshawn,M,9
2014,Zahkai,M,8
2014,Uchenna,M,7
2014,Marcin,M,6
2014,Emerich,M,5
2014,Rihansh,M,5
